,log_sale,pred
0,12.827729194939907,12.588423736462863
1,12.668233097314884,12.599535781272943
2,12.86099861326992,13.06229686976049
3,11.941455846009388,11.806097173472269
4,12.885670953244288,12.562210707680112
5,11.608235644774552,11.677310541022315
6,12.458774999085929,12.046728718964962
7,12.942039823273047,12.526880103668576
8,12.287652632522597,12.006848363431846
9,12.2783933071098,12.060694524080441
10,12.043553716032399,11.684554918312744
11,12.196022309676673,12.243215081628861
12,12.209187788430318,11.966968007898732
13,12.66032791780777,12.506669587912318
14,11.619535200028487,11.669738858565971
15,11.719939634354555,11.856243837230576
16,12.211060187041213,12.019104623191929
17,11.625360894300016,11.522427633386148
18,12.855790268162783,12.729340838983553
19,12.556729517143344,12.550243890192334
20,11.84939770159144,11.873045330465834
21,11.608235644774552,11.678566991522448
22,11.458997122944673,11.538672832308823
23,12.142530960719474,12.187085009126665
24,11.982272628789678,12.175688040090686
25,11.608235644774552,12.080639219893405
26,11.904967552746252,11.981765113116493
27,13.329377546788654,12.976217388635385
28,11.951180395901384,11.814644900249252
29,12.121875486729419,13.043491870851124
30,11.788661466403608,11.763348621151147
31,11.617285480294472,11.48624677474332
32,11.608235644774552,11.619592194807664
33,11.736069016284437,11.516733666914563
34,11.280678099406549,11.656062495722797
35,11.686878772093667,11.520148239578951
36,11.964001084330445,11.820343384767241
37,11.925035115797062,12.08404927451139
38,11.964001084330445,11.841993107889195
39,11.982303898822046,12.013401620627535
40,12.384218830913648,12.54739464793334
41,12.424806488355683,12.589563433366461
42,12.066810578196666,12.26514521093031
43,12.088976873653927,11.807236870375867
44,12.103486056755072,12.385841729504946
45,12.54966234992025,12.538846921156354
46,12.089538829274222,12.041324194765684
47,12.490875577231112,12.386126653730846
48,12.506177237980511,12.571898131360694
49,12.081076155355488,12.124223590363215
50,12.137258329529814,12.04088013600323
51,12.554836882168736,12.544545405674343
52,12.8790171187726,12.98023869270144
53,11.898187865760873,11.512053607657231
54,12.377922902456833,12.084908565235493
55,12.49612690212701,12.39467438050783
56,12.353254815881487,12.188509630256162
57,12.456831363877356,12.084334198737288
58,12.100712129872347,12.014826241757032
59,12.072541252905651,11.870770454705044
60,11.9891596439666,12.00998252991674
61,12.301382825334498,12.2221306889123
62,12.367340793126296,12.221845764686401
63,12.111212364506214,12.285089906743274
64,12.075394321888057,12.067532705502028
65,12.330500223905226,12.24036132132346
66,11.79810440720389,12.088906540490896
67,11.652687407345388,11.945318284776775
68,12.866179972011919,12.719083566851172
69,11.84939770159144,11.735551836702344
70,11.805595078933049,12.01653578711243
71,12.2783933071098,11.96736516767476
72,12.409013489526863,12.229253794559787
73,12.254862809699606,12.209309098746823
74,12.043553716032399,11.714631096568741
75,12.030766423630125,12.003144348495153
76,11.77528972943772,11.938863663408736
77,12.063932878369052,12.229823643011587
78,12.128111104060462,12.21643220439431
79,12.220961258023925,12.209878947198623
80,12.175613438045465,12.39052178876228
81,12.182804018590819,12.24406985430656
82,12.287652632522597,12.381974061985295
83,12.26904274984486,12.44368134736254
84,12.077670930725649,12.214437734813014
85,12.08069081199846,12.003999121172852
86,12.415117272464881,12.589563433366461
87,12.538967060803502,12.427151224213965
88,11.744037185933616,11.687282888928797
89,12.086725887897607,12.02707798347071
90,11.891361900690473,11.76106922734395
91,12.165250651009918,12.01653578711243
92,11.863582336583399,11.945005369929056
93,11.694546776649789,11.68072963173311
94,11.90429164869889,11.671042208052528
95,11.845819880243557,11.904965879859386
96,11.813030057420567,11.796110389083182
97,12.206777397134413,12.190504099837458
98,12.540757571577291,12.394510727924873
99,12.103486056755072,12.04274881589518
100,11.951180395901384,11.866496591316551
101,11.818570237796182,11.545786901863499
102,11.59917655301345,11.540662783843713
103,11.49272275765271,11.678165313700015
104,11.695247021764184,11.69867533991837
105,12.100156419938624,12.269997958863412
106,11.998433280751929,12.05043725194806
107,11.813030057420567,11.905811616444273
108,12.2783933071098,12.279391422225284
109,11.884489021402711,12.078640232265704
110,11.918390573078392,12.024513665437615
111,12.429216196844383,12.589563433366461
112,12.066810578196666,12.240931169775259
113,12.793859310432293,12.596401614788048
114,12.577636201962656,12.507486301778401
115,11.898187865760873,11.930595506051123
116,11.877568578558138,11.727167762508317
117,11.759785542901755,11.711501448130253
118,11.724805824005728,11.325548628992626
119,12.26763800118833,12.419177863935186
120,12.417143615610113,12.388406047538043
121,12.506177237980511,12.231248264141083
122,12.33569641332368,12.22298546159
123,12.409013489526863,12.55765192006572
124,12.484204257170104,12.60682253950339
125,12.388394202324129,12.338095731196777
126,12.431533509799543,12.215862355942512
127,12.354492650648448,12.576456918975085
128,12.367885325692589,12.578166464330483
129,12.616525295149378,12.448525059202831
130,12.765688433465597,12.605514671970425
131,12.337100907936577,12.38954574444164
132,12.765688433465597,12.608938280727626
133,12.560244459250788,12.728201142079955
134,12.41673867533327,12.38897589598984
135,12.165250651009918,12.215292507490712
136,12.111761966058932,12.201901068873438
137,12.631013530138995,12.594692069432652
138,11.669929213779893,11.78739900972324
139,12.096257779522967,12.019954877823222
140,12.173032791451973,12.042463891669282
141,12.328290278254423,12.224125158493596
142,12.043553716032399,12.202755841551136
143,11.782952602183288,11.817494142508247
144,11.951180395901384,12.04274881589518
145,11.976659481202368,11.856243837230576
146,11.891361900690473,11.698558586321836
147,11.812289042195847,11.905250804085286
148,11.77528972943772,11.665063317355044
149,11.856515169360305,11.885063564986442
150,11.695247021764184,11.842278032115095
151,12.347346487886606,12.196772432807247
152,12.4529327234617,12.52972934592757
153,11.630708500626612,11.823477551252136
154,11.711776323715394,11.842278032115095
155,11.751942365440728,11.856243837230576
156,12.098487434850236,12.243500005854761
157,11.792449349720545,11.690253402830734
158,12.185869938212655,11.908380452523774
159,13.049792684569493,12.956874906177683
160,12.587927887999204,12.404198151605454
161,12.936033799212835,12.837327120599454
162,12.694652660348845,12.748145837892919
163,12.793859310432293,12.729910687435353
164,12.82771576849868,12.791739244455538
165,12.437184366493561,12.592412675625456
166,12.842649474601725,12.760682503832497
167,12.832011076396668,12.777208108934666
168,11.661776411702583,11.495364349972103
169,11.385092093460344,11.300764739385777
170,11.487607656985938,11.644954968959121
171,11.884489021402711,11.737135592368395
172,12.66032791780777,12.74757598944112
173,12.078239274020289,12.194208114774153
174,12.142866569626381,12.228114097656189
175,11.845819880243557,11.698558586321836
176,12.13779380477688,12.239511066692168
177,12.128111104060462,12.041609118991582
178,12.3570755190667,12.472743618404287
179,12.713492476161331,12.784331214582153
180,12.043494890772815,11.991747379459175
181,12.067901936471507,12.000295106236159
182,12.727303942010046,12.60608903846863
183,12.955127458028414,12.664783429003922
184,12.577636201962656,12.394104532056032
185,12.354492650648448,12.392801182569475
186,12.201060103706629,12.396953774315026
187,12.19904803059321,12.418038167031588
188,11.840789327054841,11.687282888928797
189,11.917723684090689,12.007418211883646
190,11.967180737247824,11.902560696362842
191,12.037653993905211,12.056546450381296
192,12.437184366493561,12.060124675628643
193,12.165771348756648,12.234092988353671
194,12.119969946476761,12.01795589019552
195,12.388394202324129,12.351772094039951
196,11.289781913656018,11.49252414380592
197,11.771436160121729,11.632979115378532
198,11.813030057420567,11.859943334120862
199,11.732060994886899,11.726878320236013
200,11.842229212112828,11.726878320236013
201,11.44571671527678,11.512053607657231
202,11.732060994886899,11.708932612050752
203,11.736069016284437,11.699815036821969
204,11.941455846009388,11.857948864539566
205,12.106252310247962,12.206572547788346
206,11.951180395901384,12.035051343749489
207,12.24288661865289,12.07778997763441
208,12.672946381766982,12.55765192006572
209,13.060487973686241,12.733899626597946
210,12.218495165528731,12.240071879051156
211,12.394624752074764,12.237231672884972
212,11.790557201568507,11.698558586321836
213,11.84939770159144,11.922790316401706
214,11.84939770159144,11.820628308993141
215,12.025749091398891,12.215007583264814
216,12.027543886974914,12.053001569981156
217,11.751942365440728,11.714631096568741
218,11.870599909242044,11.692696449220888
219,11.831379196088763,11.854814698054673
220,11.809319478024031,11.702094430629163
221,11.835008964139341,11.998977320266997
222,12.404923504275338,12.236942230612666
223,11.779128505744886,11.77644609944971
224,11.763684183317412,11.726878320236013
225,11.635143097694478,11.840288080580205
226,11.957611286231675,11.888431238664406
227,11.877568578558138,11.7399938707202
228,11.934919875029603,11.700099961047869
229,11.848683160653573,11.683578873992104
230,11.928340903931561,11.948709384865749
231,11.691071650353702,11.677310541022315
232,11.747997587149712,11.823477551252136
233,12.498742259492994,12.453364252996716
234,12.075394321888057,12.24036132132346
235,12.8790171187726,12.437978344798145
236,13.290564035270378,12.844450226246941
237,12.841129801965447,12.72079311220657
238,12.225875272826354,12.243215081628861
239,12.449018824140563,12.245489957389651
240,11.946031680112146,12.04017997981568
241,12.292250341771226,11.916919143207949
242,11.751942365440728,11.877206958304196
243,12.109010932687042,12.08404927451139
244,11.982929094215963,12.184805615319469
245,12.078239274020289,12.179676979253278
246,11.87374182140951,12.020805132454514
247,12.007621706806335,12.029072453052006
248,12.128111104060462,12.261441195993617
249,12.146853285870202,12.22440556467309
250,11.973509872299472,12.066103566326127
251,12.829333698625952,12.444251195814338
252,11.695247021764184,11.736280819690696
253,11.728036844587175,11.80495747656867
254,11.575900264131617,11.735426047012998
255,10.578979797857352,10.716465913785111
256,12.052338545588132,12.038185510234383
257,11.074420502783864,11.089475871114322
258,12.509874099861838,12.585859418429768
259,12.611537753638338,12.3791248197263
260,11.626254150277232,11.76419887578244
261,11.877568578558138,11.708932612050752
262,12.339291489316397,11.628709770036448
263,11.648330101976432,11.68044470750721
264,11.856515169360305,11.927914434421492
265,11.782952602183288,11.714631096568741
266,11.864286314085192,11.938862826648613
267,12.319401330837177,12.191470225721895
268,12.373703486914124,11.830030808447825
269,11.842229212112828,11.714631096568741
270,11.55214617812351,11.88660945775888
271,9.480367509189243,11.0848656664671
272,11.728036844587175,11.875782337174698
273,12.567237494741757,12.465900918936294
274,12.591335046320818,12.566199646842705
275,11.852962767755937,11.817494142508247
276,11.891361900690473,11.512053607657231
277,11.831379196088763,11.965075855431365
278,11.675044314446664,11.74055468307919
279,12.821258284620408,12.59583176633625
280,12.60736572950259,12.39980301657402
281,12.004568269319446,12.215287989444306
282,12.180754837545884,12.002574500043355
283,12.356645504009547,12.384702032601348
284,12.100712129872347,12.04331866434698
285,12.122691036591123,12.05414578493116
286,11.918390573078392,12.003429272721053
287,11.898187865760873,11.870083852656709
288,12.206072645530174,12.073511596199513
289,12.111212364506214,12.06639300859843
290,11.923378114589433,11.894704089680598
291,12.588190652108505,12.569618737553498
292,12.998904514672732,12.457927558657515
293,11.969717200243734,11.89914160565205
294,13.028052697933088,12.920974453714349
295,12.066810578196666,12.015396090208831
296,12.332705296463539,12.576741843200985
297,12.468436909997665,12.38954574444164
298,12.35749675449625,12.409490440254604
299,12.41186655850927,12.405337848509053
300,12.323855681186558,12.386696502182645
301,12.425208175446844,12.256606520246137
302,12.634603026569334,12.43285422677836
303,12.422505731952896,12.45177597928426
304,12.826649133255284,12.768375457931782
305,12.256765759845692,12.228968870333887
306,13.122497368427132,13.049190355369113
307,12.994530005894443,12.600390553950641
308,12.429216196844383,12.588423736462863
309,12.886641043883259,12.596686539013948
310,13.079599916123216,12.793733714036835
311,13.017002861746503,12.964852784502868
312,12.249610947544657,12.42202710619418
313,12.428015476267865,12.577026767426885
314,12.650348126203179,12.3791248197263
315,11.898187865760873,12.596686539013948
316,12.238443025560624,12.217286977072009
317,12.464583340681674,12.334676640485982
318,12.130729295226383,12.175688040090686
319,13.053013299269535,12.943768391786307
320,12.063932878369052,12.221556322414095
321,12.106992367829498,12.177967433897882
322,12.080991165908294,12.18936440293386
323,12.371061522195516,12.201901068873438
324,12.220961258023925,11.989183061426079
325,12.269671662972327,12.26230048671772
326,12.469440252634902,12.58443479730027
327,12.676076274775909,12.752704625507311
328,12.552926520261092,12.556512223162121
329,12.2783933071098,12.38954574444164
330,12.9456381320073,13.025826568845355
331,12.449018824140563,12.588138812236963
332,12.971540487669746,12.407211046447408
333,12.936751613811438,12.73674886885694
334,12.752672666102043,12.608938280727626
335,12.669806661762314,12.60608903846863
336,11.701477571514818,11.689847206961893
337,11.794337924408413,11.894704089680598
338,11.790557201568507,11.856243837230576
339,11.794337924408413,11.726878320236013
340,11.76756768334381,11.660621283337187
341,12.072541252905651,11.855669470732371
342,12.043553716032399,12.147600931026188
343,11.872346634576987,12.04274881589518
344,11.876873892875459,11.701529100223771
345,11.884489021402711,11.937153281293217
346,11.928340903931561,12.04445384320417
347,11.763684183317412,11.855104140326977
348,11.740061037553975,11.708932612050752
349,12.269047444691562,12.278826091819889
350,11.76756768334381,11.814929824475152
351,11.898187865760873,12.082629171428296
352,12.167071908180441,12.014826241757032
353,12.2783933071098,12.21158849255402
354,11.951180395901384,11.881027726837424
355,11.79810440720389,11.706942660515862
356,12.68354828961461,12.585574494203868
357,12.669806661762314,12.574747373619688
358,12.659734090733718,12.748715686344719
359,12.782686009834167,12.73617902040514
360,11.769503792370676,11.729447156315514
361,12.473535428894305,12.420887409290582
362,12.441144767709657,12.529159497475773
363,11.891361900690473,11.698558586321836
364,11.898187865760873,11.885063564986442
365,11.911701584927597,11.856243837230576
366,12.106252310247962,12.226404552300792
367,12.095141084822892,12.218711598201507
368,11.699405031912846,11.680846385329644
369,11.759785542901755,11.542082886926806
370,11.608235644774552,11.635257626842339
371,11.719939634354555,11.822460008334868
372,11.691071650353702,11.681869328636708
373,12.116694834378958,12.061259854485835
374,11.845102777308561,11.725738623332417
375,11.918390573078392,11.909113953558531
376,11.695247021764184,11.697825085287079
377,11.76756768334381,11.741409455756887
378,12.138863895836725,11.694121070350386
379,11.870599909242044,11.876352185626498
380,11.826786849205313,11.677310541022315
381,11.918390573078392,12.019385029371424
382,11.827736204810263,11.713206475439243
383,11.603679828238693,11.751381803663369
384,11.652687407345388,11.673321601859723
385,11.401993904262946,11.686255427575329
386,11.743243220032438,11.687282888928797
387,11.976659481202368,11.71548586924644
388,12.618182296357007,12.2756964433814
389,11.495779306135258,11.811795657990258
390,11.451050061252142,11.905811616444273
391,11.661345470088502,11.85965389184856
392,12.396693005138824,12.258591953734623
393,11.951180395901384,11.714631096568741
394,11.904967552746252,11.927634028241997
395,11.898187865760873,11.892135253601099
396,11.630708500626612,11.708932612050752
397,11.27720313144916,11.544932129185801
398,11.657025808943985,11.528126117904137
399,11.48246625748552,11.689847206961893
400,11.608235644774552,11.714631096568741
401,11.656159633056136,11.581421384629945
402,11.682668239557323,11.489950789680012
403,11.719939634354555,11.652526651415466
404,10.747207591575448,11.127198104483183
405,11.736069016284437,11.711501448130253
406,11.652687407345388,11.677310541022315
407,11.809319478024031,11.842567474387401
408,11.751942365440728,11.761639075795749
409,11.76756768334381,11.820343384767241
410,11.874090314181814,12.029072453052006
411,11.082142548877775,11.039908091900624
412,11.588960151246226,11.545217053411701
413,11.589886506106357,11.687567813154697
414,11.964001084330445,11.888888851566074
415,12.133501952695338,12.255742711475627
416,11.842229212112828,11.822903184753931
417,11.77528972943772,11.877043305721237
418,11.607326140391713,11.511320106622474
419,12.066810578196666,12.109403012570036
420,11.8490404949436,11.846836819729488
421,12.0015054797889,12.022234271630419
422,12.449018824140563,12.078355308039804
423,11.634257750137753,11.690986903865491
424,11.813030057420567,11.725738623332417
425,12.400816722322686,12.092316595108878
426,11.86005499606543,11.84512727437409
427,11.678439903447801,11.715775311518746
428,11.191341840842766,11.335637730495641
429,11.938193200374572,11.726878320236013
430,11.856515169360305,11.504481925200887
431,11.863582336583399,12.053856342658854
432,11.887931365593685,11.74055468307919
433,11.86005499606543,11.751662209842863
434,11.728036844587175,11.697825085287079
435,11.84939770159144,11.88586692063131
436,11.824079893607152,11.66050452974065
437,12.111761966058932,12.035910634473593
438,11.406453220459712,11.551489904427893
439,12.283033686666302,11.905811616444273
440,11.512925464970229,11.6382849581669
441,11.608235644774552,11.670472359600728
442,11.842229212112828,11.981031612081734
443,12.100712129872347,12.0324915437628
444,11.77528972943772,11.806097173472269
445,11.831379196088763,11.898123180391392
446,11.661345470088502,11.695256249207576
447,11.79810440720389,11.711501448130253
448,11.820410164718188,11.920221480322207
449,12.01974306733868,12.009127757239042
450,11.842229212112828,11.873218019141603
451,12.024550768906783,12.0290679350056
452,12.0015054797889,12.026788541198403
453,12.128111104060462,11.788421953030301
454,11.736069016284437,11.946840704973798
455,11.728036844587175,11.695256249207576
456,11.805595078933049,11.693836146124486
457,11.771436160121729,11.711501448130253
458,11.695247021764184,11.720040138814426
459,11.763684183317412,11.895437590715357
460,12.170445467887022,12.238941218240369
461,12.2960778698166,12.411886587658334
462,12.100156419938624,12.38954574444164
463,11.688558033613386,11.856977338265333
464,12.254862809699606,12.203040765777036
465,11.719939634354555,11.677310541022315
466,12.136186518066006,12.199051826614443
467,11.686878772093667,11.730297410946807
468,12.249610947544657,12.023373968534017
469,11.532728092266408,11.65424071481727
470,11.76756768334381,11.971624594580648
471,11.813030057420567,11.724029077977018
472,11.931635799828413,11.733146653205802
473,11.84939770159144,11.723178823345725
474,12.273731294003989,12.21671712862021
475,11.901583454762012,11.705513521339958
476,11.813030057420567,12.04017997981568
477,12.078239274020289,11.634123330328537
478,12.071683742491523,12.035621192201287
479,11.661345470088502,11.689847206961893
480,11.813030057420567,11.683578873992104
481,12.004568269319446,11.966968007898732
482,11.77528972943772,11.71520094502054
483,11.771436160121729,11.697825085287079
484,11.863582336583399,11.796960643714474
485,11.736069016284437,12.020235284002716
486,11.820410164718188,11.921646101451703
487,11.809319478024031,11.720040138814426
488,11.502875129116727,11.4970738953275
489,11.751942365440728,11.74824311913207
490,11.66907414746016,11.71321099348565
491,11.790557201568507,11.72345922952522
492,11.938193200374572,11.613995549074966
493,11.630708500626612,11.721758720262635
494,12.559191273266128,11.919487979287448
495,12.043553716032399,11.81122580953846
496,11.884489021402711,12.071802050844116
497,11.931635799828413,11.694405994576284
498,12.611537753638338,12.545400178352043
499,11.556942350387002,11.534679375099824
500,11.982303898822046,11.718620035731334
501,11.951180395901384,12.019669953597322
502,12.4529327234617,11.681131309555544
503,12.394624752074764,12.239786954825256
504,12.409013489526863,12.226115110028486
505,12.367340793126296,12.088897504398085
506,12.330500223905226,12.217286977072009
507,12.013700752882718,11.70295372135327
508,11.883799128308773,11.761919481975244
509,11.914047823644255,11.70408890021046
510,11.289781913656018,11.462485828443533
511,11.695247021764184,11.679020086377713
512,11.77528972943772,11.86991116398094
513,11.884489021402711,11.735426047012998
514,11.607326140391713,11.767907408765538
515,12.128111104060462,12.129922074881204
516,12.423198124518821,12.587853888011065
517,13.071070083016778,12.912262192011017
518,12.886739773186576,12.777208108934666
519,11.502875129116727,11.712351702761545
520,11.740061037553975,11.6858582677993
521,12.345834587905333,12.403791955736613
522,11.73526869611367,11.751951652115167
523,11.751942365440728,11.751951652115167
524,11.608235644774552,11.706653218243556
525,12.0015054797889,11.842278032115095
526,11.87196261669798,11.881027726837424
527,11.970350312009105,11.86735136399425
528,11.777210959615614,11.714631096568741
529,12.30591798049989,12.21614728016841
530,12.160028707028767,12.229538718785687
531,12.328294703023394,12.224125158493596
532,11.884489021402711,11.883596562916926
533,11.877568578558138,11.727167762508317
534,11.951180395901384,11.892135253601099
535,12.180754837545884,12.028213162327901
536,11.960811288962345,11.702098948675571
537,11.904967552746252,11.636402724135733
538,12.323855681186558,12.229253794559787
539,12.025749091398891,12.025933768520705
540,12.154779351142624,11.803247931213274
541,12.542544882151386,12.229253794559787
542,11.745425111208464,11.366115586574075
543,11.976030352524807,12.02736290769661
544,11.918390573078392,11.955388431750782
545,11.498826540590727,11.779323332330529
546,11.703545824578878,11.695256249207576
547,12.100712129872347,11.842278032115095
548,11.834284063781393,11.792999695173704
549,11.813030057420567,11.681869328636708
550,11.894780707439258,11.695256249207576
551,11.9891596439666,11.842562956340995
552,11.827736204810263,11.72944263826911
553,11.827736204810263,11.705228597114058
554,11.928340903931561,11.733146653205802
555,11.678439903447801,11.683578873992104
556,11.917723684090689,11.898973435022686
557,11.694413341015606,11.761064709297546
558,11.731257459287216,11.677310541022315
559,11.83862560460953,11.684148722443904
560,11.867097278690842,11.708362763598952
561,11.94210709969571,11.86735136399425
562,11.967180737247824,12.071802050844116
563,11.891361900690473,12.018352167628162
564,11.763684183317412,11.733716501657602
565,11.982929094215963,11.944729481795965
566,11.884489021402711,11.848546365084884
567,12.170445467887022,12.23352765794828
568,11.957611286231675,11.856243837230576
569,12.367340793126296,12.219281446653305
570,12.013700752882718,11.83800868677301
571,12.287652632522597,12.04274881589518
572,12.273731294003989,12.199621675066242
573,11.736069016284437,11.86992020007375
574,12.230765258120545,12.395365500602571
575,11.77452020265869,11.86992020007375
576,11.824079893607152,11.73172655012271
577,11.970350312009105,11.697825085287079
578,11.763684183317412,11.712351702761545
579,11.813030057420567,12.050717658127555
580,11.790557201568507,11.69640046415758
581,11.886211674714158,11.871793398012105
582,11.440354772135393,11.512053607657231
583,12.031719258385396,11.881027726837424
584,12.24288661865289,11.717765263053636
585,12.100712129872347,11.993456924814572
586,11.967180737247824,12.203040765777036
587,11.72399643505017,11.739414986175591
588,12.117241431823558,12.022514677809912
589,11.867097278690842,11.817494142508247
590,11.891361900690473,11.64922431430121
591,11.56171562913966,11.722608974893927
592,11.695247021764184,12.24036132132346
593,12.323855681186558,11.741974786162281
594,11.891361900690473,11.659364832837054
595,11.813030057420567,11.879033257256127
596,11.856515169360305,11.712351702761545
597,11.827736204810263,11.758500391264452
598,11.803353763090035,11.683578873992104
599,12.007621706806335,11.880742802611525
600,12.535376392672774,12.238366851742164
601,11.56171562913966,11.566025557995173
602,11.607326140391713,11.625290679325653
603,11.603679828238693,11.919772903513348
604,11.669929213779893,11.744543622241782
605,12.36117287439302,12.019669953597322
606,12.468436909997665,12.253187429535343
607,11.976659481202368,11.947419589518407
608,12.594391594803367,12.556512223162121
609,12.043553716032399,11.79669919206399
610,11.863582336583399,11.703803975984561
611,11.736069016284437,11.712351702761545
612,11.801856756822442,11.692981373446788
613,11.951180395901384,12.017386041743721
614,11.845819880243557,11.706653218243556
615,11.84939770159144,12.007133287657746
616,11.957611286231675,11.944435521477256
617,11.80894766169701,11.754235563968768
618,11.938193200374572,11.913957665398822
619,11.856515169360305,11.687282888928797
620,11.951180395901384,11.805246918840975
621,11.99535161421452,12.042459373622874
622,12.230277334226992,12.257461292923836
623,12.308177868467327,12.401633833572358
624,11.77452020265869,11.739414986175591
625,11.695247021764184,11.895437590715357
626,11.979799201207037,12.056990509143748
627,11.898187865760873,11.86381551968692
628,12.120514757168527,12.245209551210158
629,11.982929094215963,12.003999121172852
630,12.175613438045465,12.245209551210158
631,12.174989532116426,12.253757277987143
632,11.652687407345388,11.684148722443904
633,11.947949375319936,11.938167188507467
634,12.345834587905333,12.062114627163535
635,12.289954129510877,11.8938493170029
636,12.314927050442256,12.0324915437628
637,10.47194980911048,11.08076449175438
638,12.398756989359676,12.067532705502028
639,12.250089530946948,12.391255289797037
640,12.206072645530174,12.033631240666397
641,12.26857785088157,12.377985122822702
642,12.196022309676673,12.208169401843225
643,12.01364014498549,12.17910713080148
644,11.917723684090689,11.817783584780551
645,11.532728092266408,11.618452497904066
646,11.694413341015606,11.679879377101816
647,11.672063686308526,11.698558586321836
648,11.652687407345388,11.904671919540675
649,11.736069016284437,11.654357468413805
650,12.432267536768098,12.026223210793011
651,12.337100907936577,12.422022588147774
652,11.344506813345266,11.512053607657231
653,11.970350312009105,12.04274881589518
654,11.747997587149712,11.733716501657602
655,11.84939770159144,11.697825085287079
656,11.982929094215963,11.830030808447825
657,11.782952602183288,11.905811616444273
658,11.782952602183288,11.830030808447825
659,11.867097278690842,12.01653578711243
660,11.308358299228955,10.883432392505593
661,12.793581494067123,12.722502657561966
662,12.078239274020289,12.060409599854541
663,12.100712129872347,12.203040765777036
664,12.652359748158593,12.559646389647016
665,12.676076274775909,12.545115254126143
666,12.820987977820545,12.592412675625456
667,12.216022976383341,12.012546847949837
668,12.240474072247506,12.220421143556903
669,11.769116870330638,11.708932612050752
670,11.813030057420567,11.733716501657602
671,11.728036844587175,11.536837497264079
672,11.827736204810263,11.708932612050752
673,12.524526376648708,12.554802677806725
674,11.702512232755595,11.714631096568741
675,11.801856756822442,11.854814698054673
676,11.661345470088502,11.710642157406149
677,11.744037185933616,11.690417055413691
678,11.877568578558138,11.881027726837424
679,12.476099782743233,12.557366995839821
680,12.30591798049989,12.412339682513599
681,11.863582336583399,11.835729292965814
682,11.84939770159144,12.215577431716612
683,12.010665849187564,12.225830185802588
684,11.964001084330445,12.045191862285337
685,12.301382825334498,12.370740745532276
686,12.478006361013815,12.259446726412321
687,12.86099861326992,12.782906593452655
688,12.013700752882718,12.058984978725045
689,11.580584113444043,11.500212579858799
690,12.28690119819279,12.203040765777036
691,11.771436160121729,11.8451363104669
692,11.782952602183288,11.80438762811687
693,11.694413341015606,11.687567813154697
694,12.345834587905333,12.411606181478842
695,11.362102575235644,11.375116408206324
696,11.736069016284437,11.725738623332417
697,11.418614785498987,11.264130785887684
698,11.289781913656018,11.603809126833063
699,10.858998997563564,11.163827539934868
700,11.184421397998193,11.487269718050381
701,11.56171562913966,11.693836146124486
702,11.407564949312402,11.901136075233346
703,11.289781913656018,11.503342228297289
704,11.401993904262946,11.654516602950357
705,11.362102575235644,11.688418067785989
706,11.350406535472453,11.561621386870929
707,11.074420502783864,11.501913089121384
708,11.589886506106357,11.536837497264079
709,11.589886506106357,11.52356281224334
710,11.49272275765271,11.536837497264079
711,11.112447898373103,11.089475871114322
712,12.031719258385396,12.13834853001525
713,11.418614785498987,11.834183400193375
714,11.744037185933616,11.918507416920404
715,10.853000271901186,11.13904365032802
716,11.575900264131617,11.533539678196226
717,11.350406535472453,11.517868845771755
718,11.184421397998193,11.300764739385777
719,11.532728092266408,11.68813314356009
720,11.831379196088763,11.487386471646918
721,10.46310334047155,11.054551462971627
722,11.302204433654575,11.739956007826587
723,11.507912923146684,11.754231045922364
724,11.699405031912846,11.890144419722818
725,11.699405031912846,11.98603445845858
726,10.915088464214607,11.300764739385777
727,11.542484267211773,11.905811616444273
728,10.868568448579715,11.300764739385777
729,11.134589024250317,11.508751270542971
730,11.607326140391713,11.68055694305734
731,11.305901295535902,11.673602008039216
732,11.686878772093667,11.847117225908981
733,11.835008964139341,11.733716501657602
734,11.26446410567173,11.683859280171598
735,11.77528972943772,11.916517465385512
736,11.695247021764184,11.90984745459329
737,11.626254150277232,11.905811616444273
738,11.198214720130528,11.835729292965814
739,11.372513311253483,11.552910007510986
740,11.06663836234181,11.650247257608271
741,11.449453042014655,12.0287830107797
742,11.350406535472453,11.930595506051123
743,11.511924964636645,11.678160795653609
744,11.512925464970229,11.542937659604505
745,11.77528972943772,11.874465433548927
746,11.401669829409995,11.74665936346602
747,11.594505451962652,11.478558338690439
748,11.612770799939945,11.611189166084626
749,11.755871643580617,12.019375993278613
750,11.512925464970229,11.853675001151075
751,11.877568578558138,11.833164974932718
752,12.468436909997665,11.561621386870929
753,11.589886506106357,11.744824028421275
754,11.532728092266408,11.839881884711366
755,11.941455846009388,11.9482698441497
756,11.59910316121128,11.661924632823744
757,12.025749091398891,12.380549440855798
758,11.608235644774552,11.939876733862866
759,11.02679245379461,11.286065433235539
760,11.510923462299555,11.409139144684897
761,11.594321103174222,11.719759732634932
762,11.127262984158243,11.457599735663223
763,11.512925464970229,11.325548628992626
764,11.695247021764184,11.922056815366949
765,11.73526869611367,11.762769736606536
766,11.736069016284437,11.877491882530096
767,11.396391648714276,11.710067790907944
768,11.06663836234181,11.275527754923662
769,11.112447898373103,11.62404326491833
770,11.681824001432043,11.876352185626498
771,11.227906509937931,11.6801507471885
772,11.693161515273161,11.720040138814426
773,11.411446296020374,11.727167762508317
774,11.773750083252127,11.93132900708588
775,11.27720313144916,11.163827539934868
776,11.356271654924852,11.375116408206324
777,11.288531131754366,11.656062495722797
778,11.612770799939945,12.0287830107797
779,11.589886506106357,11.868374307301313
780,11.824079893607152,11.70238387290147
781,11.385092093460344,11.779874226253316
782,11.62177986988231,11.713201957392839
783,11.594505451962652,11.924490825664293
784,11.283512300642423,11.714631096568741
785,11.931635799828413,11.899706936057443
786,11.824079893607152,11.739414986175591
787,11.630708500626612,11.91794208651501
788,11.635143097694478,11.883751179407072
789,11.544424132029599,11.350332518599474
790,11.813030057420567,11.905811616444273
791,11.603679828238693,11.536837497264079
792,11.37366339763672,11.819484094043137
793,11.635143097694478,11.720040138814426
794,11.477298287327077,11.65907539056475
795,11.845102777308561,12.104447065179617
796,11.790557201568507,12.303605463380334
797,11.37366339763672,11.561621386870929
798,11.635143097694478,11.645688469993878
799,11.566466231898259,12.053856342658854
800,11.635143097694478,11.706653218243556
801,11.83862560460953,11.887576465986708
802,11.736069016284437,11.74767327068027
803,11.300969103046583,11.520713569984345
804,11.878262781987614,12.086328668318584
805,11.37366339763672,11.64767842152877
806,11.56171562913966,11.670472359600728
807,11.877568578558138,11.69184167654319
808,11.686878772093667,11.561621386870929
809,12.016726473799254,11.703523569805068
810,11.06663836234181,11.13904365032802
811,11.695247021764184,11.36640502884638
812,11.350406535472453,11.512170361253766
813,11.813030057420567,11.930595506051123
814,11.461632170582678,11.683859280171598
815,11.27720313144916,11.698558586321836
816,11.761736763033015,11.714631096568741
817,11.982929094215963,11.958686250818635
818,12.013700752882718,12.092316595108878
819,11.755871643580617,11.972936980160014
820,11.491701828518602,11.540658265797308
821,11.794337924408413,11.824897654335228
822,11.934263922234683,12.01037968969277
823,11.788661466403608,11.717190896555431
824,11.790557201568507,11.756220997457255
825,11.686878772093667,11.7858531169508
826,12.254862809699606,12.05356690038655
827,11.813030057420567,11.715481351200035
828,11.782952602183288,12.0287830107797
829,12.128111104060462,12.041030234446973
830,12.388394202324129,12.055556851921441
831,11.740857533016236,12.046046634963036
832,11.580584113444043,11.4976437437793
833,11.429543856031177,11.979504673838308
834,11.26446410567173,11.13904365032802
835,11.744037185933616,12.029072453052006
836,11.302204433654575,11.462485828443533
837,11.560762794384388,11.763348621151147
838,11.901583454762012,12.017386041743721
839,11.326595886778735,11.300764739385777
840,11.957611286231675,11.732581322800408
841,11.835008964139341,11.375116408206324
842,11.59910316121128,11.695256249207576
843,12.175613438045465,11.743693367610488
844,11.763684183317412,11.720446334683267
845,12.429216196844383,12.07595464258967
846,11.652687407345388,11.856977338265333
847,12.341477282536376,12.3791248197263
848,11.703545824578878,11.543507508056303
849,11.84939770159144,11.856977338265333
850,11.824079893607152,12.04274881589518
851,11.782952602183288,11.670472359600728
852,11.626254150277232,11.645688469993878
853,11.816726919301892,11.737135592368395
854,11.813030057420567,11.59650793212001
855,11.779128505744886,11.695256249207576
856,11.472103470449973,11.586405276477779
857,11.532728092266408,11.512053607657231
858,11.695247021764184,11.561621386870929
859,11.827736204810263,11.670472359600728
860,11.652687407345388,11.491095004630015
861,12.180754837545884,11.879201427885492
862,11.661345470088502,11.731437107850406
863,12.196022309676673,11.695256249207576
864,12.649154617209645,12.287075340231759
865,12.481429068291318,12.308444657174219
866,12.560244459250788,12.40578642531791
867,11.755871643580617,12.067532705502028
868,11.695247021764184,11.93132900708588
869,11.842229212112828,11.898006426794858
870,11.589886506106357,11.6027762650898
871,11.608235644774552,11.641414606605387
872,12.292250341771226,12.24320604553605
873,11.719126295554126,11.905811616444273
874,11.870599909242044,11.903130544814642
875,12.850554654108839,12.729728080323381
876,11.887243844081556,12.072371899295915
877,11.407564949312402,11.856243837230576
878,12.154516158615772,12.1109958043289
879,11.424094251263613,11.63230154942301
880,11.842229212112828,11.874189545415836
881,12.072541252905651,11.720040138814426
882,11.894780707439258,11.90654511747903
883,11.813030057420567,11.300764739385777
884,11.917723684090689,11.8754974129488
885,11.842229212112828,12.296168606706145
886,11.626254150277232,11.574564248679346
887,11.84939770159144,11.708932612050752
888,11.643953727376633,11.758500391264452
889,11.82700601127654,11.856412007859939
890,11.682668239557323,11.697825085287079
891,11.608235644774552,11.702944685260459
892,11.901583454762012,11.610469219189085
893,11.755871643580617,11.856977338265333
894,11.688255974575329,11.65577305345049
895,12.206072645530174,12.203040765777036
896,12.339291489316397,12.138597257181155
897,11.740061037553975,11.711496930083847
898,11.774135217090894,11.561621386870929
899,12.4529327234617,12.076360838458507
900,11.835008964139341,12.067532705502028
901,11.716682302484248,11.855664952685967
902,11.856515169360305,12.133345683638403
903,11.652687407345388,11.561621386870929
904,12.301382825334498,12.051287506579353
905,12.144197241812087,11.506186952509877
906,11.918390573078392,11.853675001151075
907,12.015214757713933,12.113275198136096
908,11.713823407337118,11.666198496212237
909,11.686878772093667,11.870653701108509
910,11.944707881395766,11.907974256654933
911,12.058152515453552,11.820628308993141
912,11.842229212112828,11.86991116398094
913,11.695247021764184,11.945864660653159
914,11.074420502783864,11.089475871114322
915,11.850825253582627,11.877491882530096
916,11.976659481202368,12.04786841586856
917,11.824079893607152,11.69896026414427
918,11.472103470449973,11.495364349972103
919,11.648330101976432,12.053856342658854
920,11.27720313144916,11.67759998329462
921,11.661345470088502,12.078350789993399
922,11.911701584927597,11.690982385819085
923,11.831379196088763,11.684148722443904
924,11.813030057420567,11.695256249207576
925,11.759785542901755,11.663349253953243
926,11.62177986988231,11.486527180922813
927,11.711776323715394,11.881027726837424
928,11.960811288962345,12.066953820957421
929,11.296012463406655,11.325548628992626
930,11.225243392518447,11.302591038337708
931,12.323855681186558,12.23039800950979
932,11.512925464970229,11.49080556235771
933,11.719939634354555,11.560887885836172
934,11.998433280751929,12.045317651974681
935,12.122691036591123,12.068266206536787
936,12.240474072247506,12.033622204573586
937,11.751942365440728,11.670472359600728
938,11.9891596439666,12.083777904424705
939,11.77452020265869,12.198481978162643
940,11.884489021402711,11.670472359600728
941,12.000891794590137,11.844267983649987
942,11.461632170582678,11.611189166084626
943,11.652687407345388,11.752806424792865
944,11.56171562913966,11.856977338265333
945,11.964001084330445,12.029632383067604
946,11.918390573078392,12.17910713080148
947,12.301382825334498,12.04274881589518
948,11.856515169360305,11.968378192545622
949,11.755871643580617,11.927909916375087
950,11.820410164718188,11.899706936057443
951,11.708492248514204,11.552055234833288
952,11.669929213779893,11.614066398965443
953,11.808813773969108,11.674587088452666
954,11.813030057420567,11.690986903865491
955,11.813030057420567,11.899706936057443
956,12.040608205802641,12.01869842732309
957,11.751942365440728,11.930595506051123
958,11.288531131754366,11.748126365535533
959,11.401993904262946,11.748126365535533
960,11.751942365440728,11.922790316401706
961,11.79810440720389,11.90654511747903
962,11.695247021764184,11.830881063079117
963,11.856515169360305,12.017386041743721
964,11.695247021764184,11.897427542250249
965,12.01309450854769,11.90654511747903
966,11.652687407345388,11.645688469993878
967,11.728036844587175,11.720040138814426
968,11.56171562913966,11.65105964934595
969,11.94405831982697,12.061661532308271
970,11.289781913656018,11.665469513223885
971,11.643953727376633,11.739414986175591
972,11.128791227563893,11.090732321614455
973,11.763684183317412,11.90496136181298
974,11.372513311253483,11.56971601879265
975,11.744037185933616,11.695256249207576
976,11.976659481202368,12.05356690038655
977,11.931635799828413,11.682439177088506
978,11.669929213779893,11.935602870474373
979,11.66907414746016,12.106726458986813
980,11.580584113444043,11.611044468030679
981,10.819778284410283,11.391670003930315
982,12.20856952572876,11.536837497264079
983,11.786762130599957,11.70238387290147
984,11.938193200374572,11.670472359600728
985,11.589886506106357,12.096469186854431
986,11.626254150277232,11.926779255564298
987,11.84939770159144,11.806956464196372
988,12.531772785169476,12.039035764865677
989,11.84939770159144,12.054547462753593
990,12.141534124392603,12.17910713080148
991,11.751942365440728,12.08833217399269
992,11.691071650353702,11.869794410384403
993,12.043553716032399,11.927746263792129
994,12.662706040212738,12.392801182569475
995,12.437184366493561,12.326128913708999
996,12.50539915757667,12.19477796322595
997,12.683858415217964,12.55765192006572
998,12.577636201962656,12.360604745042835
999,12.2783933071098,12.001434803139757
1000,12.92391243868049,12.7578332615735
1001,12.188417710291453,12.240650763595767
1002,13.534473028231162,12.97653015971834
1003,12.421184025147118,12.526310255216778
1004,12.184849009078548,12.228114097656189
1005,12.388602513959086,12.065823160146632
1006,12.345834587905333,12.187369933352564
1007,12.007560729337492,11.989752909877879
1008,12.066235700342375,12.039329725184388
1009,12.569332858907769,12.33097262554929
1010,12.128111104060462,12.009697605690842
1011,11.99535161421452,12.17910713080148
1012,12.328290278254423,12.250338187276348
1013,13.521139497361697,13.087868733651705
1014,12.341477282536376,12.208169401843225
1015,12.188417710291453,12.226119628074892
1016,12.138863895836725,12.004568969624652
1017,12.205572520488492,12.187939781804364
1018,12.859699067927835,12.605234265790932
1019,12.061046873479915,12.013116696401635
1020,12.449018824140563,12.22469048889899
1021,12.721885810807203,12.24406985430656
1022,12.652359748158593,12.566483688725214
1023,12.542544882151386,12.420317560838784
1024,12.30727452603914,12.586429266881566
1025,12.736700896592344,12.425446196904973
1026,12.487485104968359,12.180653023573916
1027,12.460714863903755,12.371310593984074
1028,12.429216196844383,12.262589928990026
1029,12.765688433465597,12.548249420611038
1030,13.27851205989426,12.801426668136122
1031,12.679196402112153,12.570473510231196
1032,12.577636201962656,12.582155403493076
1033,12.138863895836725,12.074660329195922
1034,12.449018824140563,12.419747712386984
1035,12.264855572467237,11.851969973842085
1036,12.437184366493561,12.468184830789895
1037,12.336552511980964,12.254607532618435
1038,12.506177237980511,12.63372668838088
1039,12.644369511065932,12.592412675625456
1040,12.66032791780777,12.542266011867149
1041,12.623061104072981,12.408350743351006
1042,12.911642346088676,12.748715686344719
1043,12.577636201962656,12.555942374710323
1044,12.211060187041213,12.012831772175735
1045,12.429216196844383,12.318720883835612
1046,12.614865543731012,12.408920591802804
1047,12.190959007720126,12.240080915143967
1048,12.384218830913648,12.229253794559787
1049,12.479909311159902,12.398948243896323
1050,12.618182296357007,12.4653355885309
1051,12.706847933442663,12.607513659598128
1052,12.210189161042013,12.05386086070526
1053,12.136186518066006,12.240365839369867
1054,12.491251587763836,12.641704566706066
1055,12.591335046320818,12.262295968671316
1056,12.611537753638338,12.225834703848994
1057,12.759957758756611,12.589563433366461
1058,12.122691036591123,12.196772432807247
1059,12.91349002080202,12.753844322410908
1060,12.127570417375216,12.193068417870554
1061,12.56374708980199,12.593837296754954
1062,12.611537753638338,12.560501162324714
1063,12.456831363877356,11.749102409856173
1064,13.345506928718539,12.944623164464005
1065,12.163947719229503,12.018815180919624
1066,12.05757263721173,12.009697605690842
1067,12.206072645530174,12.20532015958423
1068,12.100712129872347,12.177112661220184
1069,12.253433216890011,12.246919096565554
1070,11.827736204810263,11.69354670385218
1071,12.265755647691348,12.159428404685404
1072,12.328290278254423,12.228679428061582
1073,11.964001084330445,11.892990026278797
1074,12.54686766829102,12.524600709861382
1075,12.542187675503545,12.193923190548253
1076,12.225875272826354,11.99887048510666
1077,12.38755635142507,12.402488606250058
1078,12.344964644396793,12.396790121732067
1079,12.2783933071098,12.385841729504946
1080,11.970350312009105,11.849125249629493
1081,12.250089530946948,11.998020230475367
1082,12.533576212168626,12.265140692883906
1083,12.259613412458204,12.02707798347071
1084,11.967180737247824,11.853675001151075
1085,12.126758838810447,12.966562329858265
1086,12.119969946476761,11.992602152136874
1087,12.043553716032399,11.99915540933256
1088,13.20895199837856,12.93066187739493
1089,13.033197681535283,12.719083566851172
1090,12.138863895836725,12.013401620627535
1091,12.081076155355488,12.196772432807247
1092,12.017330520933296,11.998300636654863
1093,12.523525876315125,12.185375463771267
1094,12.641096555879882,12.375420804789607
1095,12.387977448827787,12.569618737553498
1096,12.429216196844383,12.401797486155317
1097,12.676076274775909,12.229253794559787
1098,12.128111104060462,11.996306167073566
1099,12.301382825334498,12.395814077411428
1100,12.106252310247962,12.238941218240369
1101,12.216022976383341,12.00485389385055
1102,12.141534124392603,11.995166470169968
1103,12.310432660854417,12.248058793469152
1104,12.783761274226782,12.72050818798067
1105,12.052338545588132,11.831455429577321
1106,12.025749091398891,11.806097173472269
1107,12.858319703517948,12.380834365081697
1108,12.959538518762063,12.641419642480166
1109,12.157669906302006,12.212443265231718
1110,12.287652632522597,12.217286977072009
1111,12.36946619243861,12.235237203303676
1112,12.229545001715316,12.073520632292324
1113,12.528156144699286,12.588993584914663
1114,11.956553034172742,12.190504099837458
1115,12.259613412458204,12.034201089118197
1116,12.160028707028767,12.229823643011587
1117,12.531772785169476,12.19449303900005
1118,12.240474072247506,12.241505536273465
1119,12.388394202324129,12.02137949895272
1120,12.141534124392603,12.079490486896997
1121,12.072541252905651,12.04502369165597
1122,12.301382825334498,12.207314629165527
1123,11.951180395901384,12.007703136109544
1124,12.289954129510877,12.203610614228834
1125,12.339291489316397,12.253752759940735
1126,12.035729065495627,12.203040765777036
1127,12.271392111650817,12.247204020791454
1128,12.097373228606832,12.2224156131382
1129,12.299107511497363,12.188794554482062
1130,12.388394202324129,12.410060288706402
1131,12.259613412458204,12.23837136978857
1132,12.524526376648708,12.41119998561
1133,12.495003937382387,12.446245665395637
1134,12.206072645530174,12.219566370879205
1135,12.269047444691562,12.238941218240369
1136,12.339291489316397,12.435988393263255
1137,11.915051671812877,12.05356690038655
1138,12.323855681186558,12.367727850690322
1139,12.614865543731012,12.229253794559787
1140,12.380025952653611,12.392516258343576
1141,12.100712129872347,12.207599553391427
1142,12.221749124915181,12.229823643011587
1143,12.185869938212655,12.21187341677992
1144,12.040608205802641,11.677310541022315
1145,12.046138607613848,11.989752909877879
1146,12.077670930725649,12.01653578711243
1147,12.423198124518821,12.01026745414264
1148,12.538967060803502,12.554232829354927
1149,12.524526376648708,12.461346649368307
1150,11.918390573078392,12.013116696401635
1151,12.013700752882718,12.057275433369648
1152,12.988040814744458,12.729340838983553
1153,11.76756768334381,12.04844730041317
1154,12.546109948315882,12.556227298936223
1155,12.706544857216672,12.565059949939107
1156,12.605640398372254,12.533148436638365
1157,12.748783489541202,12.415473848998491
1158,12.751299696013497,12.737888565760539
1159,12.732279371334467,12.586592919464527
1160,12.043465476845318,12.190504099837458
1161,12.526342907575106,12.591842827173657
1162,12.500606192931057,12.525740406764978
1163,12.259139366466865,12.198197053936743
1164,12.348006141418841,12.39524422895963
1165,12.180754837545884,12.188794554482062
1166,12.213495031345811,12.188509630256162
1167,12.089538829274222,12.366466882143783
1168,12.118333731222167,11.990607682555577
1169,12.16597955196373,11.798119295147083
1170,12.128656901032139,12.190504099837458
1171,12.359780370124389,12.446815513847435
1172,12.460714863903755,12.521751467602385
1173,12.521977676925694,12.256032153747931
1174,12.059803326028716,12.000864954687957
1175,12.321630986164447,12.081774398750598
1176,12.297785453453374,12.343224367262966
1177,12.375815420117268,12.238941218240369
1178,12.332705296463539,12.31330732354352
1179,12.09884928474215,12.186515160674865
1180,12.287652632522597,12.232103036818781
1181,12.611537753638338,12.719083566851172
1182,12.190959007720126,12.215862355942512
1183,12.072541252905651,12.009697605690842
1184,12.273731294003989,12.029642301503804
1185,12.037653993905211,11.908380452523774
1186,12.991753427493052,12.897325742964693
1187,12.310432660854417,12.23352765794828
1188,11.813030057420567,11.835729292965814
1189,12.449018824140563,12.418608015483386
1190,12.90216299072889,12.716234324592177
1191,13.190022025878143,12.924393544425143
1192,12.799175708864519,12.531438891282969
1193,12.154779351142624,12.019669953597322
1194,13.229567991666638,12.732190081242548
1195,11.967180737247824,11.90370039326644
1196,12.167851432709975,12.20019152351804
1197,12.138863895836725,12.078350789993399
1198,12.367340793126296,12.268279377415205
1199,12.641096555879882,12.538561996930454
1200,12.154779351142624,12.039899573636186
1201,11.951180395901384,11.8431373228392
1202,12.692503112461443,12.58471972152617
1203,12.7444443677961,12.767520685254084
1204,12.928980064352745,12.764956367220988
1205,12.468436909997665,12.383277411471852
1206,12.718896271958837,12.594692069432652
1207,12.644327576461329,12.618046819863597
1208,12.498742259492994,12.23324273372238
1209,12.206072645530174,12.098757616754439
1210,12.100156419938624,12.124517550681924
1211,12.000891794590137,12.215577431716612
1212,12.429216196844383,12.104568336822556
1213,12.014609430818936,12.01653578711243
1214,12.592433082713933,12.219281446653305
1215,12.100156419938624,12.027073465424303
1216,12.429216196844383,12.358190012621904
1217,12.1489730534896,12.202470917325236
1218,12.299107511497363,12.189079478707962
1219,12.388394202324129,12.234952279077776
1220,12.259613412458204,12.188794554482062
1221,12.239990863733635,12.04274881589518
1222,12.141534124392603,12.012546847949837
1223,12.013700752882718,11.998300636654863
1224,12.183315658407558,12.013116696401635
1225,12.165250651009918,12.013116696401635
1226,12.061046873479915,11.98861321297428
1227,12.072541252905651,12.180816676156876
1228,12.106252310247962,12.012546847949837
1229,12.117241431823558,12.009697605690842
1230,12.144197241812087,12.001434803139757
1231,12.178187442040638,12.181671448834575
1232,12.128111104060462,11.997160939751264
1233,12.779873068457553,12.53628260312326
1234,12.691580461311874,12.715094627688579
1235,12.2783933071098,12.244350260486053
1236,12.513557345278134,12.104568336822556
1237,12.128111104060462,12.22924927651338
1238,11.897507362161969,11.854814698054673
1239,12.58621994565405,12.669169527942545
1240,12.230765258120545,12.227539731157984
1241,12.106252310247962,12.01055237836854
1242,12.631340380934517,12.565914722616805
1243,13.008659261632127,12.772649321320273
1244,12.429216196844383,12.421863453611222
1245,12.73596533201339,12.57987600968588
1246,12.235388699864227,12.250048745004042
1247,12.24288661865289,12.07038646580743
1248,12.144197241812087,12.033061392214599
1249,12.167851432709975,12.201331220421638
1250,12.061046873479915,12.02679305924481
1251,12.111761966058932,12.028217680374308
1252,12.0015054797889,12.013686544853433
1253,12.14950229404178,12.202755841551136
1254,12.157407473548894,12.057279951416055
1255,12.072541252905651,12.209309098746823
1256,12.138863895836725,12.022804120082217
1257,12.577636201962656,12.013401620627535
1258,12.827992316801751,12.619359205442967
1259,12.314927050442256,12.220706067782803
1260,11.918390573078392,12.724791087461973
1261,12.230765258120545,12.198766902388543
1262,12.388394202324129,12.105992957952052
1263,11.856515169360305,11.85082575889208
1264,12.043553716032399,12.222126170865893
1265,12.610870864650634,12.587550009256153
1266,12.128111104060462,12.057275433369648
1267,12.061046873479915,12.090887455932977
1268,12.078239274020289,12.203610614228834
1269,12.215032386901646,12.230104049191079
1270,12.332705296463539,12.06496386942253
1271,12.049418835484797,12.043029222074674
1272,11.84939770159144,12.01625086288653
1273,12.429216196844383,12.436273317489155
1274,12.962194625251508,12.955735209274085
1275,12.33138283649562,12.236946748659072
1276,12.456831363877356,12.58414987307437
1277,12.873902018105829,12.770369927513078
1278,13.038981768465277,13.132389111675149
1279,12.845291484064564,12.813963334075698
1280,12.429216196844383,12.528589649023973
1281,12.66349749256905,12.557082071613921
1282,12.929991484756872,12.735039323501542
1283,12.556729517143344,12.403343378927756
1284,12.950981760648709,12.554232829354927
1285,12.821258284620408,12.568194116424001
1286,12.095141084822892,11.990607682555577
1287,12.170445467887022,11.992032303685074
1288,12.078239274020289,11.992602152136874
1289,12.144197241812087,12.17910713080148
1290,12.269047444691562,12.188794554482062
1291,12.136186518066006,12.007133287657746
1292,12.331603367977383,12.187939781804364
1293,12.122691036591123,12.175688040090686
1294,12.078239274020289,12.179961903479178
1295,12.323855681186558,12.17910713080148
1296,12.132964173709535,12.193353342096453
1297,12.66032791780777,12.539986618059952
1298,12.429216196844383,12.57987600968588
1299,12.581078546153629,12.723927278691464
1300,12.540757571577291,12.229253794559787
1301,12.577636201962656,12.60522522969812
1302,12.739637756265655,12.435254892228498
1303,12.568978139219542,12.378270047048602
1304,12.509874099861838,12.214722659038914
1305,12.273731294003989,12.158998782405556
1306,12.604513138701373,12.592412675625456
1307,12.031123843065632,12.0293528592315
1308,11.982929094215963,11.965519914193818
1309,12.144197241812087,12.340375125003971
1310,12.312682380588432,12.219281446653305
1311,12.429216196844383,12.591272978721857
1312,12.777052192115912,12.590133281818261
1313,12.742566016044742,12.602669947757837
1314,12.693498620467778,12.566484571068603
1315,12.674512552799726,12.565629798390905
1316,12.247694320220994,12.221275916234601
1317,12.132964173709535,12.213298037909416
1318,12.14950229404178,12.181956373060475
1319,12.110414905333732,12.041609118991582
1320,12.468436909997665,12.05357593647936
1321,12.666657052859417,12.58443479730027
1322,12.078239274020289,11.992602152136874
1323,12.468882964346784,12.459067255561113
1324,12.09458226949681,11.990607682555577
1325,12.032700919255804,12.19449303900005
1326,12.054813614188037,12.003999121172852
1327,12.943236711506893,12.760112655380697
1328,12.477167914377556,12.21158849255402
1329,12.269047444691562,12.387672546503286
1330,12.198262223438197,12.068392878569522
1331,12.84792653170257,12.72592174827276
1332,12.09815330331068,12.17910713080148
1333,12.567237494741757,12.50949884354532
1334,11.809319478024031,11.94272597612186
1335,12.542544882151386,12.424997620096116
1336,12.733551825822538,12.532578588186565
1337,12.01974306733868,12.003999121172852
1338,12.547887726561882,12.562210707680112
1339,12.05524975579559,11.81835343323235
1340,12.323855681186558,12.194208114774153
1341,12.254862809699606,12.20560508381013
1342,12.100712129872347,12.007133287657746
1343,12.345834587905333,12.52972934592757
1344,12.45254202214788,12.473598391081985
1345,12.348006141418841,12.22754424920439
1346,12.323411137947407,12.219851295105105
1347,12.117241431823558,12.234667354851878
1348,12.367340793126296,12.394225803698973
1349,12.375815420117268,12.416043697450291
1350,12.560244459250788,12.528589649023973
1351,12.093743460556254,12.184805615319469
1352,12.31716669303576,12.23837136978857
1353,12.367340793126296,12.243500005854761
1354,12.352335152508426,12.225834703848994
1355,13.106233995474446,12.824505530433978
1356,12.144197241812087,12.215292507490712
1357,12.24288661865289,12.21671712862021
1358,12.281643832377247,12.049586997316768
1359,12.206072645530174,12.050441769994466
1360,12.225875272826354,12.01596593866063
1361,12.037653993905211,12.009697605690842
1362,12.083905011555967,12.013966951032927
1363,12.337100907936577,12.348353003329157
1364,12.031719258385396,11.984909198037586
1365,12.086382166860469,12.203040765777036
1366,12.323855681186558,12.188509630256162
1367,12.031719258385396,11.990322758329677
1368,12.765688433465597,12.574747373619688
1369,12.240474072247506,12.41119998561
1370,12.170445467887022,12.232672885270581
1371,12.087255325185739,12.17910713080148
1372,11.963567869487337,12.001719727365657
1373,12.520883385370206,12.734754399275644
1374,12.763586225373727,12.549389117514636
1375,12.487356794850175,12.426016045356773
1376,12.628067055589549,12.555087602032625
1377,12.078239274020289,12.252608544990734
1378,12.119969946476761,12.190504099837458
1379,12.122691036591123,12.302176324204432
1380,12.2783933071098,12.188794554482062
1381,12.09458226949681,12.042459373622874
1382,11.982929094215963,13.151084462886198
1383,11.986049221552207,12.05356690038655
1384,12.195517131590657,12.271413543900099
1385,12.072541252905651,12.056990509143748
1386,11.931635799828413,11.823762475478036
1387,12.295405908189121,12.344933912618364
1388,12.165250651009918,12.202185993099336
1389,12.190959007720126,12.24662965429325
1390,12.016122061571728,12.178252358123782
1391,12.154779351142624,12.242070866678857
1392,12.180754837545884,12.060409599854541
1393,12.165250651009918,12.209024174520925
1394,11.77528972943772,11.536837497264079
1395,11.648365035864053,11.899706936057443
1396,11.884489021402711,11.918516453013213
1397,12.218495165528731,11.90654511747903
1398,11.37366339763672,11.74326374533064
1399,12.160028707028767,12.119669320795229
1400,11.665646551987892,11.787562662306197
1401,11.84939770159144,11.976916883229796
1402,11.481434797878858,11.29062422084993
1403,11.082142548877775,11.501913089121384
1404,12.616856915115939,12.099289602312622
1405,11.894780707439258,11.74055468307919
1406,12.380025952653611,12.189925215292849
1407,12.384218830913648,12.239627820288701
1408,10.596634733096073,11.46203273358827
1409,11.924432285124535,12.384697514554942
1410,12.791356180214175,12.45136074732261
1411,12.66032791780777,11.914233553531913
1412,12.46651198158808,12.103424121872553
1413,11.954401010601426,12.068266206536787
1414,12.299107511497363,12.244751938308488
1415,12.367340793126296,11.611189166084626
1416,11.904967552746252,11.51786432772535
1417,11.396391648714276,12.50037675027013
1418,12.45712704000522,11.944271868894297
1419,12.037653993905211,11.695256249207576
1420,11.728036844587175,12.278821573773484
1421,11.848683160653573,11.925919964840196
1422,12.083905011555967,11.889449663925063
1423,12.013700752882718,12.312027400467972
1424,12.35017298950393,12.270273846996501
1425,12.089538829274222,11.45063576455229
1426,11.580584113444043,12.1109958043289
1427,11.908340237224891,11.903126026768238
1428,11.86005499606543,11.999734293877172
1429,11.835008964139341,11.92705514369739
1430,11.813030057420567,12.076813933313773
1431,11.911701584927597,11.90654511747903
1432,12.147913731356642,12.106437016714509
1433,11.56171562913966,12.278821573773484
1434,11.964001084330445,11.8938493170029
1435,12.14950229404178,11.696115539931682
1436,11.617285480294472,11.961937170900066
1437,11.967180737247824,11.727728574867308
1438,11.831379196088763,11.530970842116727
1439,11.37366339763672,12.082059322976498
1440,12.367340793126296,11.875207970676493
1441,11.759785542901755,11.928330548726532
1442,11.49272275765271,12.03219758344409
1443,12.254862809699606,11.611189166084626
1444,11.770663661048937,12.266845720192896
1445,11.9891596439666,11.979196277036992
1446,12.206072645530174,12.051576948851658
1447,12.103486056755072,11.947574206008555
1448,11.941944326032129,12.219846777058699
1449,11.84939770159144,11.901136075233346
1450,11.820410164718188,11.748126365535533
1451,11.751942365440728,12.276135984097449
1452,11.9891596439666,12.096016091999166
1453,11.759785542901755,11.856243837230576
1454,11.72399643505017,11.94471592765675
1455,11.579649097013137,12.212149304913007
1456,12.122691036591123,11.147446679051058
1457,10.915088464214607,12.281381373760176
1458,12.296827008798639,12.071568543651047
1459,11.711776323715394,12.369713284178808
1460,12.203569515312056,11.878458890757924
1461,11.643953727376633,11.680846385329644
1462,11.49272275765271,12.340075764295467
1463,11.979799201207037,12.13834853001525
1464,11.982929094215963,11.919941074142711
1465,11.884489021402711,11.653376906046761
1466,11.841415931849784,11.585013164016509
1467,11.542484267211773,12.58327614586766
1468,12.127570417375216,12.131510348593663
1469,12.025749091398891,12.055556851921441
1470,12.384218830913648,11.924490825664293
1471,11.911701584927597,11.67741825852604
1472,11.827736204810263,12.0614280251152
1473,12.206572520571825,11.822221100752001
1474,11.67419361256635,11.747392864500776
1475,11.732060994886899,12.338095731196777
1476,11.84939770159144,12.415179888679782
1477,12.345834587905333,11.844267983649987
1478,11.790557201568507,12.21300859563711
1479,11.951180395901384,11.744824028421275
1480,12.097930486910471,12.20588097194322
1481,12.0015054797889,11.925919964840196
1482,11.845819880243557,11.991462455233275
1483,11.771436160121729,12.502194013129252
1484,12.594730635321957,12.131510348593663
1485,11.790557201568507,11.723342475928684
1486,11.759785542901755,12.303605463380334
1487,12.128111104060462,11.733716501657602
1488,11.522875795823397,12.398663319670423
1489,12.558488532548523,12.974521253654439
1490,12.691580461311874,11.54095222611602
1491,11.682668239557323,13.053161222346084
1492,13.071070083016778,12.191180783449592
1493,12.936033799212835,12.04348231692994
1494,12.007621706806335,12.063992343148296
1495,11.877568578558138,12.58394345882311
1496,12.367340793126296,12.062273727478603
1497,12.049418835484797,11.806097173472269
1498,12.028738630247258,12.003999121172852
1499,11.9891596439666,11.806097173472269
1500,12.058152515453552,11.992032303685074
1501,11.982929094215963,12.049586997316768
1502,12.072541252905651,11.926204889066096
1503,11.970350312009105,11.989752909877879
1504,11.992260421644849,11.938167188507467
1505,11.884489021402711,12.068382960133322
1506,11.925035115797062,11.853674118807685
1507,11.870599909242044,11.712351702761545
1508,11.904967552746252,11.936583432841417
1509,11.751942365440728,11.830030808447825
1510,11.982616545377663,11.872363246463905
1511,12.013700752882718,12.401077765288278
1512,12.468436909997665,12.064109096744831
1513,12.089538829274222,12.228679428061582
1514,12.043553716032399,11.711501448130253
1515,11.816726919301892,12.028217680374308
1516,11.973509872299472,12.041604600945176
1517,12.125404742462718,11.813495284909454
1518,11.970350312009105,12.004284045398752
1519,12.05524975579559,11.684148722443904
1520,11.744037185933616,11.909230707155068
1521,12.175613438045465,12.074081444651313
1522,12.138863895836725,12.176827736994284
1523,12.00701176473192,12.179676979253278
1524,11.982929094215963,11.927059661743794
1525,12.083905011555967,11.76989736030043
1526,11.917723684090689,12.572752904038392
1527,12.323855681186558,12.17910713080148
1528,12.016726473799254,12.053856342658854
1529,11.904967552746252,12.057845281821447
1530,11.898187865760873,11.905811616444273
1531,11.982929094215963,12.067532705502028
1532,11.898187865760873,12.199621675066242
1533,12.341477282536376,11.618433543375055
1534,11.884489021402711,12.070951796212823
1535,11.867097278690842,11.712351702761545
1536,11.84939770159144,12.18964932715976
1537,12.146853285870202,11.797549446695283
1538,11.941455846009388,12.102457113644725
1539,11.904967552746252,11.717199932648242
1540,11.751942365440728,11.856243837230576
1541,11.794337924408413,12.0324915437628
1542,12.100712129872347,12.184922368916002
1543,12.066810578196666,12.053856342658854
1544,11.801856756822442,12.11636698368097
1545,11.877568578558138,11.916919143207949
1546,12.013700752882718,11.842567474387401
1547,12.111761966058932,12.053739589062321
1548,12.05524975579559,12.239492165296902
1549,12.524417279788771,12.17910713080148
1550,12.154779351142624,12.090896492025786
1551,12.218495165528731,12.17910713080148
1552,12.072541252905651,12.078929674538008
1553,11.986049221552207,12.17910713080148
1554,12.043553716032399,11.909511113334561
1555,12.100156419938624,11.574564248679346
1556,11.608235644774552,11.733716501657602
1557,11.842229212112828,12.256602002199731
1558,12.066810578196666,12.0322066195369
1559,11.896826395162552,12.05043725194806
1560,12.117241431823558,12.053856342658854
1561,12.144197241812087,12.064113614791236
1562,11.904967552746252,12.067813111681524
1563,12.071969661006694,11.92079584682041
1564,12.016726473799254,12.02679305924481
1565,12.034691028774553,11.529265814807735
1566,11.512925464970229,11.933897843165381
1567,11.790557201568507,11.87760863612663
1568,12.010665849187564,11.659364832837054
1569,11.77528972943772,11.872933094915703
1570,12.013700752882718,12.01653578711243
1571,11.967180737247824,12.18993425138566
1572,12.141534124392603,11.855104140326977
1573,11.77528972943772,11.711501448130253
1574,11.682668239557323,11.719759732634932
1575,11.84939770159144,12.04017997981568
1576,11.998433280751929,11.837845034190051
1577,12.061046873479915,11.684148722443904
1578,11.77528972943772,12.331808443697977
1579,12.091783499128047,11.855104140326977
1580,11.973194365119067,12.041889525171076
1581,12.119969946476761,12.096585940450966
1582,11.938193200374572,11.842278032115095
1583,11.904967552746252,11.512053607657231
1584,11.790557201568507,12.053856342658854
1585,11.870599909242044,11.885297072179512
1586,11.877568578558138,11.687567813154697
1587,11.809319478024031,12.069242250857425
1588,12.037653993905211,12.037330737556685
1589,11.957611286231675,11.856243837230576
1590,11.904967552746252,12.234952279077776
1591,12.05524975579559,11.8399986383079
1592,12.072541252905651,11.836299141417612
1593,11.931635799828413,11.856977338265333
1594,11.76756768334381,11.684148722443904
1595,11.719939634354555,11.919487979287448
1596,11.771436160121729,11.561621386870929
1597,11.835008964139341,11.835729292965814
1598,12.013700752882718,11.673157949276765
1599,11.831379196088763,11.866216185137057
1600,12.049418835484797,11.885306108272323
1601,11.941455846009388,11.905811616444273
1602,11.77528972943772,12.053856342658854
1603,11.691071650353702,12.468591909002125
1604,12.2783933071098,12.05414578493116
1605,11.884489021402711,12.022234271630419
1606,11.813030057420567,11.851685049616185
1607,12.144197241812087,12.042178967443382
1608,11.924372644755941,12.373426335208311
1609,12.049418835484797,12.046574102474814
1610,11.894780707439258,11.835729292965814
1611,11.736069016284437,11.561621386870929
1612,11.44571671527678,11.863082018652163
1613,12.154779351142624,12.468591909002125
1614,12.237086699059343,11.863082018652163
1615,11.820116003810051,11.408303326536208
1616,11.307130551990632,11.408303326536208
1617,11.379394072345706,11.408303326536208
1618,11.44571671527678,11.870770454705044
1619,11.794337924408413,11.512053607657231
1620,11.686878772093667,11.832599644527324
1621,11.960811288962345,11.652643405012002
1622,11.407564949312402,12.04274881589518
1623,11.918390573078392,11.871629745429148
1624,11.877568578558138,11.83430918988272
1625,11.964001084330445,12.468591909002125
1626,12.251046011172905,11.836299141417612
1627,11.686878772093667,11.698558586321836
1628,11.755871643580617,11.74666928190222
1629,11.542484267211773,11.67759998329462
1630,11.686878772093667,11.698558586321836
1631,11.755871643580617,12.395188293880395
1632,12.321630986164447,11.85966292794137
1633,11.884489021402711,11.86735136399425
1634,11.827042533619087,11.594808305200814
1635,11.598726943661342,11.275980849778929
1636,11.918390573078392,11.637257496813431
1637,11.53076538309856,11.512053607657231
1638,11.50891744357269,11.836299141417612
1639,11.813030057420567,11.856243837230576
1640,11.867798786962332,11.856243837230576
1641,11.884489021402711,11.854814698054673
1642,11.852962767755937,11.325548628992626
1643,11.320553572322773,11.300764739385777
1644,11.678439903447801,11.325548628992626
1645,11.314474526246391,11.325548628992626
1646,11.314474526246391,11.805246918840975
1647,11.512925464970229,11.536837497264079
1648,11.49781182716018,11.487269718050381
1649,11.856515169360305,12.043599070526472
1650,11.884489021402711,12.055117311205393
1651,11.884489021402711,11.883596562916926
1652,11.84939770159144,11.561621386870929
1653,11.890676734510876,11.828891111544227
1654,11.79810440720389,11.830030808447825
1655,11.764462090785656,11.806097173472269
1656,11.827736204810263,11.275980849778929
1657,11.02679245379461,12.06496386942253
1658,11.994734139665727,12.007824407752485
1659,11.744037185933616,11.698558586321836
1660,11.682668239557323,11.512053607657231
1661,11.77528972943772,11.830030808447825
1662,11.891361900690473,11.831459947623726
1663,11.870599909242044,11.881882499515122
1664,11.856515169360305,11.536837497264079
1665,11.918390573078392,12.174099766378228
1666,12.128111104060462,12.776068412031067
1667,12.727422692752377,12.115559109989697
1668,11.867097278690842,11.998300636654863
1669,11.911701584927597,12.215287989444306
1670,11.908340237224891,12.827924621144772
1671,12.813917896253697,11.998300636654863
1672,11.913712983527281,11.998300636654863
1673,11.856515169360305,11.998300636654863
1674,11.884489021402711,11.998300636654863
1675,11.824079893607152,12.0287830107797
1676,11.84939770159144,12.383277411471852
1677,12.146853285870202,12.024228741211715
1678,12.106252310247962,11.842567474387401
1679,11.805595078933049,11.904671919540675
1680,11.77452020265869,12.029357377277906
1681,12.096257779522967,12.009697605690842
1682,11.84939770159144,12.079667693619173
1683,11.79810440720389,12.024228741211715
1684,11.951180395901384,12.02736290769661
1685,12.083905011555967,12.402082410381217
1686,12.420780718023282,12.383277411471852
1687,12.100712129872347,11.998300636654863
1688,11.881034786534624,12.596850191596909
1689,12.718896271958837,12.191928720966956
1690,12.154779351142624,12.396668850089126
1691,12.206072645530174,12.003999121172852
1692,11.759785542901755,12.404931652640212
1693,12.367340793126296,12.386126653730846
1694,12.14950229404178,12.23580253370907
1695,12.404923504275338,12.056588831321315
1696,12.706847933442663,12.395814077411428
1697,12.100712129872347,12.392679910926534
1698,12.834681304952548,12.203040765777036
1699,12.165250651009918,12.445960741169737
1700,12.56374708980199,12.598844661178205
1701,12.491251587763836,12.605682842599792
1702,12.577636201962656,12.576050723106247
1703,12.628067055589549,12.408350743351006
1704,12.307590788720521,12.582319056076035
1705,12.703509032177148,12.201331220421638
1706,12.206072645530174,12.394104532056032
1707,12.411052226216713,12.387551274860344
1708,12.289954129510877,12.386411577956746
1709,12.688498794774466,11.702094430629163
1710,11.77528972943772,12.339805276552173
1711,12.058152515453552,12.593431100886114
1712,12.560244459250788,12.392679910926534
1713,12.834681304952548,12.401227637703519
1714,12.611537753638338,12.001434803139757
1715,12.061046873479915,12.063996861194703
1716,12.345834587905333,12.521181619150587
1717,12.330500223905226,11.993172000588672
1718,12.007621706806335,11.99402677326637
1719,11.941455846009388,12.339805276552173
1720,12.17664898415669,12.419177863935186
1721,12.520883385370206,12.613945645150876
1722,12.669998467265833,12.596565267371009
1723,12.533576212168626,12.797152804747629
1724,12.823868388846332,12.408350743351006
1725,12.364144200100668,12.408350743351006
1726,12.299107511497363,12.203040765777036
1727,12.240474072247506,12.338665579648575
1728,12.180754837545884,12.345503761070162
1729,12.301337369755954,12.18964932715976
1730,12.160028707028767,12.382992487245952
1731,11.77528972943772,12.227824655383884
1732,12.289034166244521,11.998300636654863
1733,11.786762130599957,12.030497074181504
1734,12.170445467887022,12.029642301503804
1735,11.94405831982697,11.998300636654863
1736,11.79810440720389,11.998300636654863
1737,11.956970055045868,12.21614728016841
1738,12.185869938212655,12.009697605690842
1739,12.17921519136029,12.058419648319651
1740,12.225875272826354,12.058419648319651
1741,12.206072645530174,12.009697605690842
1742,12.240474072247506,12.430289908745266
1743,12.25247901834433,12.430289908745266
1744,12.25247901834433,12.38954574444164
1745,12.218495165528731,12.598844661178205
1746,12.542544882151386,12.57918488959114
1747,12.611537753638338,12.206174932261929
1748,12.089538829274222,12.412339682513599
1749,12.524526376648708,12.387836199086243
1750,12.541472879190051,12.402082410381217
1751,12.24288661865289,12.365612109466085
1752,12.2783933071098,12.17853728234968
1753,12.417103128960582,12.17853728234968
1754,12.093687514935382,12.22725932497849
1755,12.205572520488492,12.38954574444164
1756,12.043553716032399,12.38954574444164
1757,12.154779351142624,12.38954574444164
1758,12.144197241812087,12.197912129710845
1759,12.175613438045465,12.197912129710845
1760,12.249610947544657,12.38954574444164
1761,12.273731294003989,12.387266350634444
1762,12.174581978438804,12.38869097176394
1763,12.506177237980511,12.38954574444164
1764,12.01974306733868,12.184805615319469
1765,12.363076394339839,12.115559109989697
1766,11.831379196088763,12.202470917325236
1767,12.429216196844383,12.003999121172852
1768,11.893414587008216,12.38897589598984
1769,12.524526376648708,12.382992487245952
1770,12.043553716032399,12.388406047538043
1771,12.111761966058932,12.439118041701743
1772,12.272562386799006,12.38954574444164
1773,12.26434155365415,12.393819607830132
1774,12.43320821811392,12.23580253370907
1775,12.394624752074764,12.203040765777036
1776,12.132695175725399,12.596565267371009
1777,12.551433829568632,12.20019152351804
1778,12.218495165528731,12.20019152351804
1779,12.219309648562168,12.6019788276631
1780,12.644617856906528,12.201331220421638
1781,12.053795210084596,12.18964932715976
1782,12.256052577835195,12.405501501092012
1783,12.273731294003989,12.596565267371009
1784,12.675763725937609,12.232672885270581
1785,12.080509422554828,12.175688040090686
1786,12.323855681186558,12.18993425138566
1787,12.0271851854705,12.339805276552173
1788,12.415433652431746,12.585453222560929
1789,12.669806661762314,12.190504099837458
1790,12.27134527214637,12.190504099837458
1791,11.962853929784913,12.01653578711243
1792,11.925035115797062,12.033346316440499
1793,12.154779351142624,11.859088561443164
1794,11.728036844587175,12.526310255216778
1795,12.485827127509431,12.401227637703519
1796,12.592912033515141,11.990322758329677
1797,11.986049221552207,12.033061392214599
1798,12.05524975579559,12.38897589598984
1799,12.8802918162046,12.408350743351006
1800,12.190959007720126,12.10331640436883
1801,11.907666609715417,12.218996522427407
1802,11.891361900690473,12.218996522427407
1803,11.891361900690473,12.015396090208831
1804,12.013700752882718,12.388406047538043
1805,12.206072645530174,12.243215081628861
1806,12.05466819137094,11.722608974893927
1807,11.556942350387002,11.722608974893927
1808,11.751942365440728,12.01796492628833
1809,11.927680619985486,11.462887506265968
1810,11.282253647235228,11.4970738953275
1811,11.379965337713998,11.325548628992626
1812,11.283512300642423,11.375116408206324
1813,11.413105129688017,11.4970738953275
1814,11.170435156023453,12.01653578711243
1815,11.827736204810263,11.797694144749231
1816,11.49272275765271,12.201901068873438
1817,11.900905258737373,12.201901068873438
1818,11.917723684090689,12.201901068873438
1819,11.87862357740665,12.003999121172852
1820,12.01974306733868,12.201901068873438
1821,11.925035115797062,12.209309098746823
1822,12.122147410592412,12.206459856487829
1823,11.842229212112828,12.196772432807247
1824,11.982929094215963,12.196772432807247
1825,12.043553716032399,12.388406047538043
1826,12.043553716032399,12.865698271546462
1827,12.751299696013497,12.204750311132432
1828,12.013700752882718,11.722608974893927
1829,11.652687407345388,12.003999121172852
1830,12.060468671671382,12.17340864628349
1831,11.805595078933049,12.17340864628349
1832,11.77528972943772,11.986903667618883
1833,11.77528972943772,12.17340864628349
1834,11.831379196088763,11.747392864500776
1835,11.771436160121729,12.17340864628349
1836,11.77528972943772,12.190504099837458
1837,12.097373228606832,12.229538718785687
1838,12.24288661865289,12.20019152351804
1839,11.944707881395766,11.86381551968692
1840,11.326595886778735,12.215577431716612
1841,12.011880916165731,12.003999121172852
1842,12.081076155355488,11.86381551968692
1843,11.546360241056465,11.86381551968692
1844,11.512925464970229,11.913672741172922
1845,11.517913006481267,12.035051343749489
1846,11.665646551987892,11.86922907997901
1847,11.759785542901755,11.89315819690816
1848,11.571194373094205,12.035051343749489
1849,11.727230067617233,11.86381551968692
1850,11.355101379776661,12.42772559071217
1851,12.506177237980511,12.0287830107797
1852,11.951180395901384,11.888599409293768
1853,11.639558115903595,11.86381551968692
1854,11.635143097694478,12.009697605690842
1855,11.877568578558138,11.842278032115095
1856,11.740061037553975,12.032202101490494
1857,11.925035115797062,11.86381551968692
1858,11.641318679738628,11.817494142508247
1859,11.571194373094205,11.817494142508247
1860,11.715866308966918,12.003999121172852
1861,11.566466231898259,11.814247740473222
1862,11.401993904262946,11.677310541022315
1863,11.624019512475815,12.20019152351804
1864,11.951180395901384,11.447506116113802
1865,11.227773522372072,11.4970738953275
1866,11.225243392518447,11.350332518599474
1867,11.449985665196355,11.870653701108509
1868,11.456355113481834,11.86381551968692
1869,11.589886506106357,12.258307029508723
1870,12.384218830913648,11.462887506265968
1871,11.356271654924852,12.391825138248835
1872,12.066810578196666,12.201901068873438
1873,11.910358401381128,12.03448149529769
1874,11.870599909242044,12.003999121172852
1875,12.078239274020289,12.003999121172852
1876,12.034691028774553,11.698558586321836
1877,11.424094251263613,11.913383298900618
1878,11.661345470088502,11.913383298900618
1879,11.678439903447801,12.003999121172852
1880,12.083905011555967,11.86381551968692
1881,11.396391648714276,12.003999121172852
1882,12.083905011555967,11.500208061812394
1883,11.575900264131617,11.350332518599474
1884,11.344506813345266,11.841712701709703
1885,11.884489021402711,11.561621386870929
1886,11.429543856031177,12.028217680374308
1887,11.84939770159144,12.028217680374308
1888,11.867097278690842,11.524991951419242
1889,11.460578984598019,11.549775841026092
1890,11.56171562913966,11.375116408206324
1891,11.302204433654575,11.350332518599474
1892,11.198214720130528,12.028217680374308
1893,11.904967552746252,12.028217680374308
1894,11.84939770159144,11.695256249207576
1895,11.594505451962652,11.694522748172819
1896,11.62177986988231,12.038073274684255
1897,11.711776323715394,11.654633356546892
1898,11.507912923146684,11.089475871114322
1899,11.319037271804808,11.905811616444273
1900,11.816726919301892,11.561621386870929
1901,11.755871643580617,11.855104140326977
1902,11.884489021402711,11.689847206961893
1903,11.77528972943772,11.881027726837424
1904,11.694413341015606,11.820922269311852
1905,11.884489021402711,11.350332518599474
1906,11.678439903447801,12.139333610428697
1907,11.951180395901384,11.811795657990258
1908,11.845819880243557,11.804102703890972
1909,11.77528972943772,12.119669320795229
1910,12.0015054797889,11.988313852265776
1911,11.827736204810263,11.858514194944961
1912,11.694413341015606,11.748126365535533
1913,12.206072645530174,11.9233556468071
1914,12.132964173709535,11.689847206961893
1915,11.652687407345388,11.86381551968692
1916,11.84939770159144,12.047588009689065
1917,11.804848531679264,11.851685049616185
1918,11.407564949312402,11.86763628822015
1919,12.341258918085241,11.842567474387401
1920,11.84939770159144,12.069368040546774
1921,12.100712129872347,11.536837497264079
1922,11.691908120498669,11.536837497264079
1923,11.652687407345388,11.512053607657231
1924,11.728036844587175,12.04726974061596
1925,12.031719258385396,11.685283901301094
1926,11.678439903447801,11.708937130097159
1927,11.964001084330445,11.669738858565971
1928,11.76756768334381,11.561621386870929
1929,11.585246126549855,11.375116408206324
1930,11.573550086786664,11.670472359600728
1931,11.736069016284437,11.325548628992626
1932,11.428456308343778,11.772910255142383
1933,11.344506813345266,12.018081679884867
1934,11.951180395901384,11.938746073052076
1935,11.759785542901755,11.859658409894964
1936,11.894780707439258,11.586405276477779
1937,11.982929094215963,11.815504190973355
1938,11.982929094215963,11.536837497264079
1939,11.819674600139235,11.781313283865419
